question id,model 1,model 2,model 1 answer,model 2 answer,judgment,flipped judgment,winner
<<<<<<< HEAD
0,albert_plty13b_mt_v4_merged,yp_13b_0825_mt,"The residents of Fitchburg, Massachusetts had a variety of reactions to the construction sign. The most popular comments included ""AMEN!"", ""We do have our priorities!"", and ""Only in New England!"". These comments suggest that the residents found the sign humorous and representative of their community's priorities.","Fitchburg residents' reactions to the construction sign were humorous yet appreciative. Comments such as ""AMEN!"", ""We do have our priorities!"", and ""Only in New England!"" demonstrate a sense of humor and acceptance of the situation. The use of regional slang like ""wicked"" and ""Dood"" further indicate the community's unique identity and attachment to local culture.","Both albert_plty13b_mt_v4_merged and yp_13b_0825_mt provide accurate and relevant responses to the user's question. They both correctly identify the residents' reactions to the construction sign as being humorous and representative of their community's priorities. However, yp_13b_0825_mt goes a step further by mentioning the use of regional slang in the residents' comments, which adds a bit more depth and context to the response. Therefore, yp_13b_0825_mt's response is slightly more detailed and insightful. \n\nFinal Verdict: yp_13b_0825_mt","Both yp_13b_0825_mt and albert_plty13b_mt_v4_merged provided accurate and relevant responses to the user's question. They both correctly identified the residents' reactions to the construction sign as humorous and representative of their community's priorities. However, yp_13b_0825_mt went a step further by providing a deeper analysis of the residents' reactions, noting the use of regional slang as an indication of the community's unique identity and attachment to local culture. This additional insight gives yp_13b_0825_mt's response a slight edge in terms of depth and level of detail. Therefore, my final verdict is: yp_13b_0825_mt",yp_13b_0825_mt
1,albert_plty13b_mt_v4_merged,yp_13b_0825_mt,"The biggest winner in the ArkLaTex region is from Idabel, Oklahoma. They won $1,512 in October 2018.","The biggest Mega Millions winner in the ArkLaTex region was an anonymous player who took home $1,000,000 after buying a ticket in Texarkana, Texas, in June 2020.","albert_plty13b_mt_v4_merged's response is incorrect as it mentions the biggest winner in the ArkLaTex region won $1,512 in October 2018. However, the text clearly states that an anonymous player won $1,000,000 in June 2020 in Texarkana, Texas. yp_13b_0825_mt correctly identifies this winner as the biggest in the ArkLaTex region. Therefore, yp_13b_0825_mt's response is more accurate and helpful. \n\nFinal Verdict: yp_13b_0825_mt","yp_13b_0825_mt provided the correct answer by stating that the biggest Mega Millions winner in the ArkLaTex region was an anonymous player who won $1,000,000 in June 2020. On the other hand, albert_plty13b_mt_v4_merged incorrectly identified the biggest winner as the person from Idabel, Oklahoma, who won $1,512 in October 2018. Therefore, yp_13b_0825_mt's response is more accurate and helpful. \n\nFinal Verdict: yp_13b_0825_mt",yp_13b_0825_mt
2,albert_plty13b_mt_v4_merged,yp_13b_0825_mt,"Adam Devine believes that Marvel movies have had a negative impact on comedy films. He argues that Marvel's blockbuster movies have shifted the public's expectations for what a movie should be, leading to a decrease in the number of comedies being produced and released in theaters. Devine suggests that audiences now expect to see big-budget, action-packed movies when they go to the theater, and comedies simply cannot compete with that. He also points out that studios used to release several comedies each year, but now there are only a handful of comedies in theaters annually.","Adam Devine believes that Marvel's success has had a negative impact on the production and popularity of comedy films in theaters. He argues that audiences have become accustomed to seeing big-budget, blockbuster movies, making them less likely to choose smaller, budget-friendly comedies when going to the movies. He also suggests that studios may be hesitant to produce comedies due to the lower income potential compared to larger-scale superhero films. He cites the decline in the number of comedies released in theaters each year as evidence of this trend.","Both albert_plty13b_mt_v4_merged and yp_13b_0825_mt provided accurate and detailed responses to the question. They both correctly summarized Adam Devine's opinion that Marvel's blockbuster movies have negatively impacted the production and popularity of comedy films. However, albert_plty13b_mt_v4_merged's response is slightly more detailed, as it also mentions Devine's point about audiences' shifted expectations for what a movie should be, which is a crucial part of Devine's argument. Therefore, albert_plty13b_mt_v4_merged's response is more comprehensive and provides a better answer to the question.\n\nFinal Verdict: albert_plty13b_mt_v4_merged","Both yp_13b_0825_mt and albert_plty13b_mt_v4_merged provided accurate and detailed responses to the user's question. They both correctly summarized Adam Devine's thoughts on Marvel's impact on comedy films, stating that he believes Marvel's blockbuster movies have shifted audience expectations and led to a decrease in the production and release of comedy films. However, yp_13b_0825_mt went a step further by mentioning that Devine also suggests that studios may be hesitant to produce comedies due to the lower income potential compared to larger-scale superhero films. This additional detail gives a more comprehensive understanding of Devine's viewpoint. Therefore, yp_13b_0825_mt's response is slightly better. \n\nFinal Verdict: yp_13b_0825_mt",tie
3,albert_plty13b_mt_v4_merged,yp_13b_0825_mt,"DJ Paul is being sued by a digital rights management agency for posting a video that they own the rights to. The video in question is of a violent tornado in Elgin, Texas, which was originally posted by a man named Ronald Brian Emfinger. The rights to the video were then sold to Viral DRM, a company that is suing Paul for resharing it. They are seeking damages, asserting that they were unable to properly monetize their asset because Paul posted it on his page.\n\nOn a lighter note, Paul recently recalled a time he flexed on Salma Hayek at a party. Despite her being a fan, the gesture didn't go over well with the Latina actress. She got mad at him because he was wearing expensive jewelry, including an $85,000 watch. She accused him of contributing to the suffering of Black brothers in Africa by we","DJ Paul is being sued by a digital rights management agency for posting a video that they own the rights to. The video is of a violent tornado in Elgin, Texas, which was originally posted by a man named Ronald Brian Emfinger. Viral DRM, the company that owns the rights to the video, is suing DJ Paul for sharing their clip without permission.\n\nViral DRM asserted that they were unable to properly monetize their asset because DJ Paul reshared the video on his page. They are taking him to court for damages.\n\nIn a previous interaction, DJ Paul recalled a time he flexed on Salma Hayek. At a party, she got mad at him for wearing a lot of jewelry, including an $85,000 watch, and made a comment about blood diamonds. He admitted that she got one over on him as he didn't check where the diamonds were from.\n\nReference(s):\nhttps://www.tmz.com/2023/03/07/dj-paul-sued-copyright-infringement-wild-tornado-video/\nhttps://hiphopdx.com/news/dj-paul-flexed-on-salma-hayek-at-party-she-got-mad-at-me-about-jewelry-blood-diamonds\n\nSummary: DJ Paul is being sued by Viral DRM for sharing a video they own the rights to. They are seeking damages as they were unable to properly monetize their asset. DJ Paul also recalled a time he flexed on Salma Hayek, who got mad at him for wearing jewelry including an $85,000 watch and made a comment about blood diamonds.","Both albert_plty13b_mt_v4_merged and yp_13b_0825_mt provided accurate and detailed responses to the user's question about DJ Paul's copyright lawsuit. They both mentioned the key details: DJ Paul is being sued by a digital rights management agency, Viral DRM, for posting a video of a violent tornado in Elgin, Texas, which they own the rights to. The video was originally posted by Ronald Brian Emfinger. Viral DRM is seeking damages, asserting that they were unable to properly monetize their asset because Paul posted it on his page. \n\nHowever, yp_13b_0825_mt went a step further by providing references to the sources of the information, which adds credibility to the response. Therefore, yp_13b_0825_mt's response is more comprehensive and reliable.\n\nFinal Verdict: yp_13b_0825_mt","Both yp_13b_0825_mt and albert_plty13b_mt_v4_merged provided accurate and relevant responses to the user's question about DJ Paul's copyright lawsuit. They both mentioned the key details: that DJ Paul is being sued by Viral DRM for posting a video they own the rights to, the video is of a tornado in Texas, and Viral DRM is seeking damages because they were unable to properly monetize their asset due to Paul's actions. \n\nHowever, yp_13b_0825_mt's response is more complete as it includes the full story about DJ Paul's interaction with Salma Hayek, which was part of the original text. albert_plty13b_mt_v4_merged's response was cut off and did not fully recount this part of the story. Therefore, yp_13b_0825_mt's response is more comprehensive and detailed.\n\nFinal verdict: yp_13b_0825_mt",yp_13b_0825_mt
4,albert_plty13b_mt_v4_merged,yp_13b_0825_mt,"John Echohawk, a Pawnee citizen, has made significant contributions to the Native American Rights Fund (NARF). His work has been instrumental in advancing Indigenous rights in various areas, including treaty rights, voting rights, and sovereignty.\n\n- Echohawk has led NARF for 53 years, creating a public interest, nonprofit legal firm dedicated to Indigenous rights.\n- He has been involved in virtually every Indian law case since the 1970s, with his legal citations appearing in numerous cases.\n- Echohawk has been recognized for his work, including receiving the Thurgood Marshall Award from the American Bar Association.\n- He has been instrumental in numerous legal victories, including the landmark case of Santa Clara Pueblo v. Martinez, which established tribal sovereignty.\n- Echoh","John Echohawk is the president and founder of the Native American Rights Fund (NARF), a public interest, nonprofit legal firm dedicated to Indigenous rights. He has been at the helm of NARF for 53 years, creating a massive footprint in Indian law cases throughout the decades. Echohawk has worked on virtually every Indian law question, including treaty rights, voting rights, and sovereignty. He is recognized as a legendary Pawnee attorney and received the Thurgood Marshall Award from the American Bar Association. His contributions to the NARF have significantly impacted Indigenous rights and continue to shape the legal landscape today.","Both albert_plty13b_mt_v4_merged and yp_13b_0825_mt provide accurate and relevant responses to the question about John Echohawk's contributions to the Native American Rights Fund. They both mention his leadership role in NARF for 53 years, his work on various Indian law cases, and his recognition with the Thurgood Marshall Award. However, yp_13b_0825_mt's response is more comprehensive and detailed, providing a clearer picture of Echohawk's impact on Indigenous rights and the legal landscape. Therefore, yp_13b_0825_mt's response is superior. \n\nFinal Verdict: yp_13b_0825_mt","Both yp_13b_0825_mt and albert_plty13b_mt_v4_merged provide accurate and detailed responses to the question about John Echohawk's contributions to the Native American Rights Fund. They both mention his leadership of NARF for 53 years, his work on various Indian law cases, and his receipt of the Thurgood Marshall Award. However, albert_plty13b_mt_v4_merged goes a step further by mentioning a specific landmark case, Santa Clara Pueblo v. Martinez, which established tribal sovereignty. This additional detail gives a more concrete example of Echohawk's contributions and impact, making albert_plty13b_mt_v4_merged's response more comprehensive. Therefore, albert_plty13b_mt_v4_merged provides a better response. \n\nFinal Verdict: albert_plty13b_mt_v4_merged",tie
5,albert_plty13b_mt_v4_merged,yp_13b_0825_mt,"At Tuscan Village in New Hampshire, visitors can engage in a variety of activities. These include enjoying live music, dining at restaurants or food trucks, relaxing with day drinking, playing games with children, and making it a night out under the lights and stars. The village also offers a festival-style atmosphere with activities such as cornhole, beach volleyball, fire pits, Adirondacks, and food trucks. Additionally, visitors can bring their four-legged, furry friends and shop at the village.","At Tuscan Village in Salem, New Hampshire, you can engage in various activities such as:\n\n1. Beach volleyball\n2. Cornhole\n3. Live music\n4. Day drinking\n5. Food trucks\n6. Shopping\n7. Games for children\n8. Relaxing with Adirondacks and fire pits\n9. Night out under the lights and stars\n10. Bringing four-legged friends.\n\nThese activities are available to create your perfect day or weekend getaway with a relaxed vibe and a variety of choices.","Both albert_plty13b_mt_v4_merged and yp_13b_0825_mt provide accurate and detailed responses to the user's question about activities to do at Tuscan Village in New Hampshire. They both list the same activities such as beach volleyball, live music, day drinking, food trucks, games for children, relaxing with Adirondacks and fire pits, night out under the lights and stars, and bringing four-legged friends. However, yp_13b_0825_mt's response is slightly more organized, as it presents the activities in a numbered list, making it easier for the user to read and understand. Therefore, yp_13b_0825_mt's response is more user-friendly. \n\nFinal Verdict: yp_13b_0825_mt","Both yp_13b_0825_mt and albert_plty13b_mt_v4_merged provided accurate and detailed responses to the user's question. They both listed the activities that can be done at Tuscan Village in New Hampshire, such as beach volleyball, live music, day drinking, food trucks, shopping, games for children, relaxing with Adirondacks and fire pits, and bringing four-legged friends. However, yp_13b_0825_mt's response was more organized and easier to read due to the numbered list format, which made it more user-friendly. Therefore, yp_13b_0825_mt's response is slightly better. \n\nFinal Verdict: yp_13b_0825_mt",yp_13b_0825_mt
6,albert_plty13b_mt_v4_merged,yp_13b_0825_mt,The provided text does not provide specific details about the '66' Batman figures.,"The McFarlane Toys Batman 66 Retro Figures are a collection of action figures inspired by the classic 1960s Batman television series. The figures are designed with articulation for shelf posing and play, and are packaged in card-backed blisters with a 1960s-inspired vibe. Some of the notable characters in the collection include Batman, Robin, the Joker, and Lord Death Man. These figures aim to capture the bright colors and retro design aesthetics of the original show.","yp_13b_0825_mt provides a more detailed and accurate response to the user's question. It mentions that the figures are inspired by the classic 1960s Batman television series, are designed for shelf posing and play, and are packaged in a 1960s-inspired vibe. It also mentions some of the characters in the collection. On the other hand, albert_plty13b_mt_v4_merged incorrectly states that the text does not provide specific details about the '66' Batman figures. Therefore, yp_13b_0825_mt's response is more helpful and relevant. \n\nFinal Verdict: yp_13b_0825_mt","yp_13b_0825_mt provides a more detailed and accurate response to the user's question. It correctly identifies that the Batman 66 Retro Figures are inspired by the 1960s Batman television series, and provides additional details about the figures' design, packaging, and some of the characters included in the collection. On the other hand, albert_plty13b_mt_v4_merged incorrectly states that the text does not provide specific details about the figures, which is not accurate as the text does provide some information about the figures. Therefore, yp_13b_0825_mt's response is more helpful and accurate. \n\nFinal Verdict: yp_13b_0825_mt",yp_13b_0825_mt
7,albert_plty13b_mt_v4_merged,yp_13b_0825_mt,"The severe thunderstorm affected areas in Screven, Effingham, Hampton, Allendale, and Jasper counties.","The areas affected by the severe thunderstorm include Screven, Effingham, Hampton, Allendale, Jasper, and Lake Warren State Park.\n\n\nReference(s):\nSevere Weather Statement issued for Screven by NWS: https://www.weather.gov/srh/tstms.php?tstm=SCZ082&type=Severe+Weather+Statement","albert_plty13b_mt_v4_merged and B both provide accurate responses to the user's question. However, yp_13b_0825_mt provides a more detailed answer by including Lake Warren State Park, which is also mentioned in the user's instruction as an impacted location. Additionally, yp_13b_0825_mt provides a reference link for further information, which adds to the depth and helpfulness of its response. Therefore, yp_13b_0825_mt's response is superior. \n\nFinal Verdict: yp_13b_0825_mt","Both yp_13b_0825_mt and albert_plty13b_mt_v4_merged correctly identified the areas affected by the severe thunderstorm. However, yp_13b_0825_mt provided a more detailed response by including Lake Warren State Park, which is also mentioned in the user's instruction as an impacted location. yp_13b_0825_mt also provided a reference link for further information, which adds to the depth and helpfulness of the response. Therefore, yp_13b_0825_mt's response is more comprehensive and helpful. \n\nFinal Verdict: yp_13b_0825_mt",yp_13b_0825_mt
8,albert_plty13b_mt_v4_merged,yp_13b_0825_mt,"The severe thunderstorm warning affects areas in Jenkins, Bulloch, and Screven counties. These areas include Millen, Sylvania, Portal, Hiltonia, Rocky Ford, Woodcliff, Hilltonia, Dover, Emmalane, and Scarboro.","The areas affected by the severe thunderstorm warning include parts of Screven, Bulloch, and Jenkins counties, specifically Millen, Sylvania, Portal, Hiltonia, Rocky Ford, Woodcliff, Hilltonia, Dover, Emmalane, and Scarboro.","Both albert_plty13b_mt_v4_merged and yp_13b_0825_mt provided accurate and detailed responses to the user's question. They both listed the counties and specific locations affected by the severe thunderstorm warning. There is no significant difference in the quality of their responses. Therefore, this is a tie. \n\nFinal Verdict: draw","Both yp_13b_0825_mt and albert_plty13b_mt_v4_merged provided accurate and relevant responses to the user's question. They both listed the counties and specific locations affected by the severe thunderstorm warning. There is no significant difference in the quality of their responses. Therefore, this is a tie. \n\nFinal Verdict: draw",tie
9,albert_plty13b_mt_v4_merged,yp_13b_0825_mt,Miller's role in the Rangers' special teams next season will be to prove himself on the penalty kill and potentially participate in the power play. He will need to remove his offensive-minded traits when playing shorthanded and may get an opportunity to contribute offensively on the power play.,"K'Andre Miller has a lofty set of expectations set for him in the 2023 season. As a defenseman, he is expected to maintain a strong presence on the Rangers' penalty kill and power play units. On the penalty kill, he will need to prove himself by providing defensive stability and contributing to the team's overall success. On the power play, he may get the opportunity to participate in the team's offensive game plans as he has shown the ability to contribute offensively on top of his defensive abilities. Overall, Miller will need to prove himself on both special teams in order to solidify his place in the team's future plans.","Both albert_plty13b_mt_v4_merged and yp_13b_0825_mt provided accurate and relevant responses to the user's question. However, yp_13b_0825_mt's response was more detailed and comprehensive, providing a clearer picture of Miller's role in the Rangers' special teams next season. yp_13b_0825_mt not only mentioned Miller's roles in the penalty kill and power play units but also emphasized the importance of his performance in these roles for his future with the team. Therefore, yp_13b_0825_mt's response was more helpful and informative. \n\nFinal Verdict: yp_13b_0825_mt","Both yp_13b_0825_mt and albert_plty13b_mt_v4_merged provided accurate responses to the user's question. However, yp_13b_0825_mt's response was more detailed and comprehensive, providing a better understanding of Miller's role in the Rangers' special teams next season. yp_13b_0825_mt elaborated on the expectations for Miller in both the penalty kill and power play units, and also mentioned the importance of Miller proving himself to secure his place in the team's future plans. On the other hand, albert_plty13b_mt_v4_merged's response was more concise and less detailed. Therefore, yp_13b_0825_mt's response is superior in this case. \n\nFinal Verdict: yp_13b_0825_mt",yp_13b_0825_mt
10,albert_plty13b_mt_v4_merged,yp_13b_0825_mt,A severe thunderstorm is currently affecting Bulloch and other counties in the area. The storm is moving east at 35 mph and is expected to bring wind gusts of up to 60 mph. This could lead to damage to trees and powerlines. Residents in the affected areas are advised to move to an interior room on the lowest floor of a building for their protection.,"Severe weather is expected to impact Bulloch and other counties in the area. According to the National Weather Service (NWS) Severe Weather Statement issued on August 7, 2023, at 7:40 PM EDT, there is a Severe Thunderstorm Warning in effect for portions of Screven, Bulloch, and Jenkins Counties. The warning remains in effect until 8:30 PM EDT. The NWS has warned residents to move to an interior room on the lowest floor of a building for their protection.\n\nThe severe thunderstorm is located near Rocky Ford, moving east at 35 mph. The hazards include wind gusts of up to 60 mph, which may cause damage to trees and powerlines. The areas impacted include Millen, Sylvania, Portal, Hiltonia, Rocky Ford, Woodcliff, Hilltonia, Dover, Emmalane, and Scarboro.\n\nFor your safety, please follow the instructions provided by the National Weather Service and take shelter indoors when severe weather strikes. Stay updated with the latest weather alerts by listening to local news or authoritative weather sources.","Both assistants provide accurate and relevant information about the severe weather impact in Bulloch and other counties. However, yp_13b_0825_mt's response is more detailed and comprehensive. It includes the specific time and date of the weather statement, the exact areas impacted, and the recommended safety measures. It also advises the user to stay updated with the latest weather alerts, which adds an extra layer of helpfulness. Therefore, yp_13b_0825_mt's response is more helpful and informative. \n\nFinal Verdict: yp_13b_0825_mt","Both yp_13b_0825_mt and albert_plty13b_mt_v4_merged provided accurate and relevant responses to the user's question. However, yp_13b_0825_mt's response was more detailed and comprehensive, providing a clear summary of the severe weather statement, including the specific areas impacted, the nature of the hazards, and the recommended safety measures. albert_plty13b_mt_v4_merged's response, while accurate, was less detailed and did not mention the specific areas impacted or the duration of the warning. Therefore, yp_13b_0825_mt's response was more helpful and informative. \n\nFinal Verdict: yp_13b_0825_mt",yp_13b_0825_mt
11,albert_plty13b_mt_v4_merged,yp_13b_0825_mt,"The thunderstorm in Norton and Decatur is severe.\n\nThe text mentions that a Severe Thunderstorm Warning was issued for Northwestern Norton and East Central Decatur counties. This indicates that the thunderstorm is severe.\n\nThe urgency of the thunderstorm is immediate, as indicated by the use of the word ""immediate"" in the text.",The severity and urgency of the thunderstorm in Norton and Decatur is Severe with an Immediate Urgency.,"Both albert_plty13b_mt_v4_merged and yp_13b_0825_mt correctly identified the severity and urgency of the thunderstorm in Norton and Decatur. However, albert_plty13b_mt_v4_merged provided a more detailed explanation, referencing specific parts of the text to support its answer. yp_13b_0825_mt's response, while accurate, was more concise and did not provide any supporting details. Therefore, albert_plty13b_mt_v4_merged's response is more helpful and informative. \n\nFinal Verdict: albert_plty13b_mt_v4_merged","Both yp_13b_0825_mt and albert_plty13b_mt_v4_merged correctly identified the severity and urgency of the thunderstorm in Norton and Decatur as ""Severe"" and ""Immediate"" respectively. However, albert_plty13b_mt_v4_merged provided a more detailed response, explaining how it arrived at its conclusion by referencing the text. This additional context could be helpful to the user in understanding the basis for the AI's response. Therefore, albert_plty13b_mt_v4_merged's response is more comprehensive and informative. \n\nFinal Verdict: albert_plty13b_mt_v4_merged",albert_plty13b_mt_v4_merged
12,albert_plty13b_mt_v4_merged,yp_13b_0825_mt,"The severe thunderstorm that had previously been affecting Las Animas has weakened and is no longer considered an immediate threat to life or property. However, small hail and gusty winds are still possible with this thunderstorm.","After the severe thunderstorm, Las Animas may experience small hail and gusty winds, although the immediate threat to life or property has weakened.\n\n\nReference(s):\nSevere Weather Statement issued for Las Animas by NWS, https://www.weather.gov/pub/pns/fnl/swa/2023/08/07/170515_SevereWeatherStatement_LasAnimas.txt","Both assistants provided accurate and relevant responses to the user's question. They both correctly identified that the severe thunderstorm has weakened and is no longer an immediate threat to life or property, but small hail and gusty winds are still possible. However, yp_13b_0825_mt went a step further by providing a reference to the source of the information, which adds credibility to the response. Therefore, yp_13b_0825_mt's response is more detailed and helpful. \n\nFinal Verdict: yp_13b_0825_mt","Both yp_13b_0825_mt and albert_plty13b_mt_v4_merged provided accurate and relevant responses to the user's question. They both correctly identified that the severe thunderstorm has weakened and is no longer an immediate threat to life or property, but small hail and gusty winds are still possible. However, yp_13b_0825_mt provided a reference to the original severe weather statement, which adds a level of credibility and depth to the response. Therefore, yp_13b_0825_mt's response is slightly better. \n\nFinal Verdict: yp_13b_0825_mt",yp_13b_0825_mt
13,albert_plty13b_mt_v4_merged,yp_13b_0825_mt,The areas targeted by the severe thunderstorm warning are Southwestern Baca and Southeastern Las Animas counties.,The areas targeted by the severe thunderstorm warning are Baca and Southeastern Las Animas Counties.,"albert_plty13b_mt_v4_merged's response is more accurate as it correctly identifies both areas targeted by the severe thunderstorm warning as Southwestern Baca and Southeastern Las Animas counties. yp_13b_0825_mt, on the other hand, incorrectly identifies the entire Baca area as being targeted, rather than specifically the Southwestern part of Baca. Therefore, albert_plty13b_mt_v4_merged's response is more accurate and helpful. \n\nFinal Verdict: albert_plty13b_mt_v4_merged","yp_13b_0825_mt's response is incorrect because it failed to specify that the warning was for Southwestern Baca, not the entirety of Baca. albert_plty13b_mt_v4_merged, on the other hand, correctly identified the targeted areas as Southwestern Baca and Southeastern Las Animas counties. Therefore, albert_plty13b_mt_v4_merged's response is more accurate and helpful to the user. \n\nFinal Verdict: albert_plty13b_mt_v4_merged",albert_plty13b_mt_v4_merged
14,albert_plty13b_mt_v4_merged,yp_13b_0825_mt,"Haddock shot her brother, Sean, after an argument over furniture escalated. She claimed that her brother was aggressively approaching her, and she felt backed against a wall. In response, she pulled out a gun and told him to back up. However, her brother reportedly grabbed the gun and told her to shoot him. He then approached her again, and she fired a single gunshot to his chest.\n\nThe 911 call made by Haddock after the incident reveals her distress and concern for her brother's condition. She admitted to shooting her brother, Sean, and reported that he was not responsive and was taking super deep breaths. She pleaded with the dispatcher to send someone immediately, expressing her fear that her brother might die.","Haddock's reason for shooting her brother was that they were arguing over furniture and she felt threatened, to the point where she pulled out a gun and told him to back up. He then reportedly approached her again, and she allegedly fired a single gunshot to his chest.\n\nReference(s):\nEdmond Police release 911 call from officer after she allegedly shot brother. (2023, August 10). KFOR. Retrieved from https://kfor.com/news/local/edmond-police-release-911-call-from-officer-after-she-allegedly-shot-brother/","Both albert_plty13b_mt_v4_merged and yp_13b_0825_mt accurately summarize the reason Haddock shot her brother. They both mention the argument over furniture and the aggressive behavior of the brother that led Haddock to feel threatened and pull out her gun. However, albert_plty13b_mt_v4_merged provides a more detailed account of the incident, including the 911 call made by Haddock after the shooting, which adds depth to the response. yp_13b_0825_mt, on the other hand, provides a reference, which is not necessary as the information was given in the user's question. Therefore, albert_plty13b_mt_v4_merged's response is more comprehensive and relevant to the user's question. \n\nFinal Verdict: albert_plty13b_mt_v4_merged","Both yp_13b_0825_mt and albert_plty13b_mt_v4_merged provided accurate and relevant responses to the user's question. They both correctly identified that Haddock shot her brother during an argument over furniture, and she felt threatened, leading her to pull out a gun. However, albert_plty13b_mt_v4_merged provided a more detailed response, including additional information from the 911 call that Haddock made after the incident, which adds depth to the answer. Therefore, albert_plty13b_mt_v4_merged's response is more comprehensive and provides a better understanding of the situation. \n\nFinal Verdict: albert_plty13b_mt_v4_merged",albert_plty13b_mt_v4_merged
15,albert_plty13b_mt_v4_merged,yp_13b_0825_mt,The inspiration for Funtown's Haunted Hotel is a legend about a gypsy named Lilith who cursed the Withering Pines Hotel when it was built on her land. The curse made the guests unable to leave until they were freed by the wand-wielding skills of the riders.,Funtown's Haunted Hotel was inspired by a local legend about a cursed hotel and the wand-wielding skills of the riders needed to free the guests.\n\nReference(s):\nWATCH: Brand New Haunted Hotel Ride at Funtown in Saco is a Perfect Addition,"Both albert_plty13b_mt_v4_merged and yp_13b_0825_mt provided accurate and concise responses to the user's question. They both correctly identified the legend of the gypsy Lilith and her curse on the Withering Pines Hotel as the inspiration for Funtown's Haunted Hotel. However, albert_plty13b_mt_v4_merged's response is slightly more detailed, providing more context about the curse and how it affects the guests of the hotel. yp_13b_0825_mt's response, while correct, is less detailed and does not provide as much context. Therefore, albert_plty13b_mt_v4_merged's response is more helpful and informative. \n\nFinal Verdict: albert_plty13b_mt_v4_merged","Both yp_13b_0825_mt and albert_plty13b_mt_v4_merged provided accurate and relevant responses to the question. However, albert_plty13b_mt_v4_merged's response is more detailed and specific, mentioning the gypsy Lilith and the Withering Pines Hotel, which were key elements of the legend that inspired the Haunted Hotel ride at Funtown. Therefore, albert_plty13b_mt_v4_merged's response is more comprehensive and informative. \n\nFinal Verdict: albert_plty13b_mt_v4_merged",albert_plty13b_mt_v4_merged
256,albert_plty13b_mt_v4_merged,yp_13b_0825_mt,"Monterey city is dealing with the housing crisis by updating its housing element, which is part of the city's general plan. The city is required to add units into its housing element between now and 2031, with a target of 3,654 new units. To gather public input on this plan, the city is hosting an open house where people can mingle through stations, ask questions, and leave written comments. The open house also serves as an environmental impact report scoping meeting, where people can provide input on the upcoming EIR report for the Monterey 2031 General Plan Update. The city is seeking input on the significant environmental issues and possible alternatives to changes in the general plan, as well as ideas for mitigating any potential impacts of those changes. The city is also accepting written comments on the upcoming EIR until September 4.","Monterey City's plan for the housing crisis involves updating its housing element, which is part of the city's general plan. The city is required to add units to its housing element between now and 2031. Their target is 3,654 new units. To achieve this goal, they are hosting an open house where people can learn about the changes and provide feedback. The open house is meant to be more accessible and inclusive, with the aim of gathering input from a wider range of people, including renters and workers who struggle to keep up with the cost of housing. This will help ensure that the voices of those who block real change are on an equal footing with others. The open house is open to the public, and anyone can attend, not just residents. It's happening on Aug. 7, 2022, from 6-8:30pm at the Monterey Conference Center, 1 Portola Plaza.","Both albert_plty13b_mt_v4_merged and yp_13b_0825_mt provide accurate and relevant responses to the user's question. They both explain that Monterey city's plan for the housing crisis involves updating its housing element and adding new units by 2031. They also mention the open house event for public input. However, yp_13b_0825_mt goes a step further by including the specific date and location of the open house, and emphasizing the city's aim to gather input from a wider range of people, including renters and workers who struggle with housing costs. This additional information makes yp_13b_0825_mt's response more detailed and helpful. Therefore, my final verdict is yp_13b_0825_mt.","Both yp_13b_0825_mt and albert_plty13b_mt_v4_merged provided accurate and detailed responses to the user's question about Monterey city's plan for the housing crisis. They both mentioned the city's plan to add 3,654 new units to its housing element by 2031, the open house event for public input, and the environmental impact report scoping meeting. However, albert_plty13b_mt_v4_merged provided a bit more detail by mentioning that the city is seeking input on significant environmental issues, possible alternatives to changes in the general plan, and ideas for mitigating any potential impacts of those changes. albert_plty13b_mt_v4_merged also mentioned that the city is accepting written comments on the upcoming EIR until September 4. Therefore, albert_plty13b_mt_v4_merged's response is more comprehensive and detailed. \n\nFinal Verdict: albert_plty13b_mt_v4_merged",tie
257,albert_plty13b_mt_v4_merged,yp_13b_0825_mt,"The Issue 1 election, which is a single-issue special election in Ohio, has been generating high turnout and motivating Ohioans across the state. The election is focused on a proposed constitutional amendment that would require Ohioans to show a valid ID to vote.\n\n- Nearly 700,000 Ohioans have already voted early in person or via absentee ballot, which is nearly seven times higher than last August and more than three times higher than the May 2022 primary.\n- The high turnout has been attributed to the importance of the election and the grassroots energy among the bases of both parties.\n- The turnout numbers are higher in some counties, with Democrats turning out in numbers five times more than Republicans for the early voting period.\n- The Republican Party has also seen high turnout, with the party leaders reminding their bases why voting in this election is important.","Nearly 700,000 Ohioans vote early in Issue 1 election and based on the high turnout, experts suggested that the 'no' side was likely to win the election. However, it was noted that this could be overturned by a larger turnout on Election Day.","albert_plty13b_mt_v4_merged provides a detailed response, summarizing the key points from the text, but it does not directly answer the user's question about the expectations for a 'no' side victory in the Issue 1 election. On the other hand, yp_13b_0825_mt directly addresses the user's question, stating that experts suggested that the 'no' side was likely to win based on the high turnout, but this could change with a larger turnout on Election Day. Therefore, yp_13b_0825_mt's response is more relevant and directly answers the user's question. \n\nFinal Verdict: yp_13b_0825_mt","yp_13b_0825_mt's response is more directly related to the user's question about the expectations for a 'no' side victory in the Issue 1 election. It mentions that experts suggested that the 'no' side was likely to win based on the high turnout, but this could be overturned by a larger turnout on Election Day. On the other hand, albert_plty13b_mt_v4_merged's response, while detailed and informative, does not directly address the user's question about the expectations for a 'no' side victory. Therefore, yp_13b_0825_mt's response is more relevant and accurate in answering the user's question. \n\nFinal Verdict: yp_13b_0825_mt",yp_13b_0825_mt
258,albert_plty13b_mt_v4_merged,yp_13b_0825_mt,"The jackpot value for Tuesday's Mega Millions is more than $1,000,000,000.","The Mega Millions Jackpot value for Tuesday's drawing is estimated to be more than $1,000,000,000.","Both albert_plty13b_mt_v4_merged and yp_13b_0825_mt provided accurate and relevant responses to the user's question. However, yp_13b_0825_mt's response is slightly more detailed as it specifies that the value is an estimate for the drawing on Tuesday. This additional detail makes yp_13b_0825_mt's response more informative and precise. Therefore, yp_13b_0825_mt's response is better. \n\nFinal Verdict: yp_13b_0825_mt","Both yp_13b_0825_mt and albert_plty13b_mt_v4_merged provided accurate and concise responses to the user's question. They both correctly identified the estimated value of the Mega Millions Jackpot for Tuesday's drawing. However, yp_13b_0825_mt's response is slightly more detailed as it specifies that the value is an estimate, which is an important detail in the context of lottery jackpots. Therefore, yp_13b_0825_mt's response is slightly better. \n\nFinal Verdict: yp_13b_0825_mt",yp_13b_0825_mt
259,albert_plty13b_mt_v4_merged,yp_13b_0825_mt,"Game day vibes at Mojo's in Portsmouth, New Hampshire, and Winners Circle in Salisbury, Massachusetts, are characterized by a unique energy and camaraderie among fans. These sports bars are known for their lively atmosphere, especially during big games, when they become a hub for fans to come together and cheer on their favorite teams. The vibes are described as unmatched, with people meeting new friends, playing keno, and placing bets, all while enjoying a late breakfast or early lunch and having a few beers. The energy builds up as the game approaches, and once it starts, everyone in the facility becomes your friend, celebrating together and cheering on the team. The shared experience of watching a game and the excitement of a potential victory bring strangers together, creating a sense of community and family.","Game day vibes at Mojo's in Portsmouth, New Hampshire, and Winners Circle in Salisbury, Massachusetts, are described as having a unique energy that builds up before the 1pm games, with people having a late breakfast or early lunch, drinking beers, playing keno, and placing bets, all for the same thing - a New England sport team victory. People celebrate together with high fives, beers, and more beers, regardless of their seats. The venues are filled with strangers who become friends and friends who become family, making it an enjoyable atmosphere for game days.","Both albert_plty13b_mt_v4_merged and yp_13b_0825_mt provided accurate and relevant responses to the user's question. They both captured the essence of the game day vibes at Mojo's in Portsmouth, New Hampshire, and Winners Circle in Salisbury, Massachusetts, as described in the text. They mentioned the unique energy, the camaraderie among fans, the activities like having a late breakfast or early lunch, drinking beers, playing keno, and placing bets, and the sense of community that forms among the patrons. However, albert_plty13b_mt_v4_merged's response was slightly more detailed and comprehensive, capturing the nuances of the game day experience at these sports bars more effectively. Therefore, albert_plty13b_mt_v4_merged's response is better. \n\nFinal Verdict: albert_plty13b_mt_v4_merged","Both yp_13b_0825_mt and albert_plty13b_mt_v4_merged provided accurate and detailed responses to the user's question about the game day vibes at Mojo's in Portsmouth, New Hampshire, and Winners Circle in Salisbury, Massachusetts. They both captured the essence of the atmosphere, the camaraderie among fans, and the activities that take place. However, albert_plty13b_mt_v4_merged's response was slightly more detailed and descriptive, capturing the sense of community and family that is created in these sports bars. Therefore, albert_plty13b_mt_v4_merged's response is better. \n\nFinal Verdict: albert_plty13b_mt_v4_merged",albert_plty13b_mt_v4_merged
260,albert_plty13b_mt_v4_merged,yp_13b_0825_mt,"Richard Paxton, a former professor at Pacific University, was accused of making comments in the classroom that were deemed offensive and discriminatory. These allegations led to his suspension and an ongoing investigation into his conduct.\n\n- Paxton was told in October 2020 that there was a complaint against him and that he could resign or face a Title IX investigation, which could end in his termination.\n- Pacific officials received numerous complaints about comments Paxton made in the classroom “about gender, gender identity, race or other protected characteristics.”\n- Paxton refuted the allegations, stating that he was not cooperating with the investigation.\n- Pacific University asked a Washington County Circuit Court judge to dismiss all charges in Paxton’s lawsuit. However, the judge partially granted the motion, allowing some of the charges to proceed to a 12-person jury trial.","Specific allegations against professor Richard Paxton include:\n\n1. That he received numerous complaints about comments he made in the classroom “about gender, gender identity, race or other protected characteristics.”\n2. That he was told in October 2020 that there was a complaint against him and that he could resign or face a Title IX investigation, which could end in his termination.\n3. That Pacific University officials claimed he was not cooperating with the investigation, which he refuted.\n4. That he was suspended from his program two months later.\n5. That he filed a lawsuit against Pacific University for $1.3 million, claiming that his suspension and ongoing investigation were due to discrimination.\n6. That a Washington County Circuit Court judge declined to fully dismiss his case, meaning it will go to a 12-person jury trial in December, unless a settlement is reached prior.","Both albert_plty13b_mt_v4_merged and yp_13b_0825_mt provided accurate and relevant responses to the user's question. They both correctly identified the allegations against Richard Paxton, including the complaints about his comments in the classroom and the Title IX investigation. However, yp_13b_0825_mt provided a more detailed response, including the fact that Paxton was suspended from his program two months later and that he filed a lawsuit against Pacific University for $1.3 million. Therefore, yp_13b_0825_mt's response is more comprehensive and informative. \n\nFinal Verdict: yp_13b_0825_mt","Both yp_13b_0825_mt and albert_plty13b_mt_v4_merged provided accurate and relevant responses to the question about the specific allegations against Professor Richard Paxton. However, yp_13b_0825_mt's response is more detailed and comprehensive, including additional information about Paxton's lawsuit against Pacific University and the court's decision not to fully dismiss his case. On the other hand, albert_plty13b_mt_v4_merged's response, while accurate, is less detailed and does not include this additional information. Therefore, yp_13b_0825_mt's response is more helpful and informative for the user. \n\nFinal Verdict: yp_13b_0825_mt",yp_13b_0825_mt
261,albert_plty13b_mt_v4_merged,yp_13b_0825_mt,The severe thunderstorm warning for northwestern Norton and east central Decatur counties has been cancelled due to the storm weakening below severe limits and no longer posing an immediate threat to life or property.,"The Severe Thunderstorm Warning for Norton and Decatur counties has been canceled, meaning the storm which prompted the warning has weakened below severe limits and no longer poses an immediate threat to life or property. The warning was issued at 18:10 CDT and expires at 01:00 CDT the following day. A Severe Thunderstorm Watch remains in effect until 10:00 PM CDT for northwestern Kansas.","Both albert_plty13b_mt_v4_merged and yp_13b_0825_mt provided accurate and relevant responses to the user's question. However, yp_13b_0825_mt's response was more detailed, including the time the warning was issued, when it expires, and the fact that a Severe Thunderstorm Watch remains in effect until 10:00 PM CDT for northwestern Kansas. This additional information could be useful for the user to understand the full context of the situation. Therefore, yp_13b_0825_mt's response is superior. \n\nFinal Verdict: yp_13b_0825_mt","Both yp_13b_0825_mt and albert_plty13b_mt_v4_merged correctly interpreted the instruction and provided accurate responses. However, yp_13b_0825_mt's response is more detailed, providing the times for when the warning was issued and when it expires, and also mentioning that a Severe Thunderstorm Watch remains in effect until 10:00 PM CDT for northwestern Kansas. albert_plty13b_mt_v4_merged's response, while accurate, is less detailed. Therefore, yp_13b_0825_mt's response is more helpful and informative. \n\nFinal Verdict: yp_13b_0825_mt",yp_13b_0825_mt
262,albert_plty13b_mt_v4_merged,yp_13b_0825_mt,"Kirklin faced several challenges on his journey to joining the Saints. These challenges include:\n\n- He had a rocky road to the NFL, with a journey that he describes as a ""rocky roller coaster.""\n- He had to deal with the loss of his stepfather, who was his biggest supporter and who he wanted to share his success with.\n- He had to overcome a DUI charge, which led to his release from the Cardinals' practice squad.\n- He had to deal with an injury that ended his season in the XFL, which was a major setback in his pursuit of playing in the NFL.\n- He had to cope with the loss of his stepfather, who was shot and killed just four months before Kirklin's chance to fulfill an NFL dream playing for the Saints came to fruition.\n- He had to adjust to the loss of his stepfather, who was","1. Kirklin has faced numerous challenges throughout his journey to joining the Saints. These include a rocky roller coaster experience, being released by the Saints after a tryout last year, signing with the Arizona Cardinals but being released shortly after a DUI charge, injuring his pectoral muscle during the XFL season with the Houston Roughnecks, and losing his stepfather and biggest supporter just months before his chance to fulfill an NFL dream playing for the team just 45 miles away from his hometown.","Both assistants provided accurate and relevant responses to the user's question. However, yp_13b_0825_mt's response was more concise and organized, providing a clear and succinct summary of the major challenges faced by Kirklin on his journey to joining the Saints. On the other hand, albert_plty13b_mt_v4_merged's response was repetitive, mentioning the loss of Kirklin's stepfather three times. Therefore, yp_13b_0825_mt's response was more effective in answering the user's question. \n\nFinal Verdict: yp_13b_0825_mt","yp_13b_0825_mt's response is more concise and accurate. It correctly identifies the major challenges faced by Kirklin on his journey to joining the Saints, including his rocky journey, being released by the Saints and the Cardinals, his DUI charge, his injury during the XFL season, and the loss of his stepfather. On the other hand, albert_plty13b_mt_v4_merged's response is repetitive, mentioning the loss of Kirklin's stepfather three times. Therefore, yp_13b_0825_mt's response is better. \n\nFinal Verdict: yp_13b_0825_mt",yp_13b_0825_mt
=======
0,platypus_bay_area_news_merged,platypus_7B,"Fitchburg residents' reactions to the construction sign were positive, with many commenting on the town's priorities and the humor of the sign. Some residents also noted that they were glad to see the sign, as it would help them avoid traffic congestion.","- ""AMEN!""","platypus_7B's response is more comprehensive and accurate. It correctly captures the positive reactions of the Fitchburg residents to the construction sign, mentioning their comments on the town's priorities and the humor of the sign. platypus_bay_area_news_merged, on the other hand, only provides a single-word response, ""AMEN!"", which is one of the reactions but does not fully answer the question about the residents' reactions. Therefore, platypus_7B's response is more helpful and relevant. \n\nFinal Verdict: platypus_7B","platypus_7B provides a more comprehensive and detailed response to the user's question. It captures the overall positive sentiment of the Fitchburg residents towards the construction sign and also mentions the humor and the practicality of the sign. On the other hand, platypus_bay_area_news_merged only provides a single-word response, which is one of the reactions but does not fully answer the user's question about the residents' reactions. Therefore, platypus_7B's response is more helpful and relevant. \n\nFinal Verdict: platypus_7B",platypus_7B
1,platypus_bay_area_news_merged,platypus_7B,"The biggest Mega Millions winner in the ArkLaTex region is the person who bought a ticket in Idabel, Oklahoma, and won $1,512 back in October 2018.","- The biggest Mega Millions winner in the ArkLaTex region was sold in Idabel, Oklahoma, in October 2018, and the winner took home $1,512 .","Both platypus_bay_area_news_merged and platypus_7B provided accurate and concise responses to the question. They both correctly identified the biggest Mega Millions winner in the ArkLaTex region as the person who bought a ticket in Idabel, Oklahoma, and won $1,512 in October 2018. There is no significant difference in the quality of their responses. Therefore, this is a tie. \n\nFinal Verdict: draw","Both platypus_7B and platypus_bay_area_news_merged provided correct and concise answers to the user's question. They both identified the biggest Mega Millions winner in the ArkLaTex region as the person who bought a ticket in Idabel, Oklahoma, and won $1,512 in October 2018. There is no significant difference in the quality of their responses. Therefore, this is a tie. \n\nFinal Verdict: draw",tie
2,platypus_bay_area_news_merged,platypus_7B,"Adam Devine believes that Marvel's impact on comedy films has been negative, as they have produced movies that are so large and expensive that movie-goers have become accustomed to seeing blockbusters rather than small-scale fare. He also believes that this has led to a decline in the number of comedies being released in theaters, as people would rather spend their money on movies that are worth $200 million rather than smaller comedies.","- Devine believes that Marvel's superhero movies have contributed to the decline of comedy films in theaters due to the expectation of viewers to see blockbuster-level productions, which are more expensive and elaborate than traditional comedies .","Both assistants provide accurate and relevant responses to the user's question. However, platypus_7B's response is more detailed and comprehensive, as it includes additional information about the decline in the number of comedies being released in theaters and the shift in audience preferences towards more expensive movies. Therefore, platypus_7B's response is more helpful and informative for the user. \n\nFinal Verdict: platypus_7B","Both platypus_7B and platypus_bay_area_news_merged accurately summarize Adam Devine's thoughts on Marvel's impact on comedy films. However, platypus_7B provides a more detailed response, including the specifics of Devine's argument about the shift in audience expectations and the decline in the number of comedies being released in theaters. Therefore, platypus_7B's response is more comprehensive and informative. \n\nFinal Verdict: platypus_7B",platypus_7B
3,platypus_bay_area_news_merged,platypus_7B,"DJ Paul is being sued by a digital rights management agency for posting a video that they own the rights to. On Monday (August 7), TMZ reported that a company named Viral DRM is taking the Three 6 Mafia founder to court for sharing their clip without permission. The footage in question is of a violent tornado in Elgin, Texas. The original video was posted last year by a man named Ronald Brian Emfinger and it captured the natural disaster in full effect as it wrecked everything in its path. Its rights were then sold to the company that is su","- The lawsuit was filed by a digital rights management agency named Viral DRM, who claimed that DJ Paul infringed on their rights by posting a video of a violent tornado in Elgin, Texas .","platypus_bay_area_news_merged provides a concise and accurate summary of the lawsuit against DJ Paul, mentioning the key details such as the plaintiff (Viral DRM), the nature of the infringement (posting a video without permission), and the content of the video (a violent tornado in Elgin, Texas). \n\nOn the other hand, platypus_7B's response is incomplete and simply repeats the initial part of the user's instruction without adding any new information or summarizing the details of the lawsuit. \n\nTherefore, platypus_bay_area_news_merged's response is more helpful and relevant to the user's question. \n\nFinal verdict: platypus_bay_area_news_merged","platypus_7B provides a more detailed response, including the name of the company suing DJ Paul, the nature of the video in question, and the original creator of the video. platypus_bay_area_news_merged's response is more concise, but it lacks the depth and detail of platypus_7B's response. Therefore, platypus_7B's response is more helpful and informative. \n\nFinal Verdict: platypus_7B",tie
4,platypus_bay_area_news_merged,platypus_7B,"John Echohawk, a Pawnee citizen, has led the Native American Rights Fund, or NARF, for 53 years creating a public interest, nonprofit legal firm dedicated to Indigenous rights.\n\nReference(s):\nLegendary Pawnee attorney wins Thurgood Marshall Award","- John Echohawk has led the Native American Rights Fund (NARF) for 53 years, creating a public interest, nonprofit legal firm dedicated to Indigenous rights .","Both platypus_bay_area_news_merged and platypus_7B provided accurate and concise responses to the user's question about John Echohawk's contributions to the Native American Rights Fund. Both assistants mentioned that Echohawk has led the NARF for 53 years and has created a public interest, nonprofit legal firm dedicated to Indigenous rights. However, platypus_7B added a reference to the source of the information, which provides additional context and credibility to the response. Therefore, platypus_7B's response is slightly more detailed and helpful. \n\nFinal Verdict: platypus_7B","Both platypus_7B and platypus_bay_area_news_merged provided accurate and concise responses to the user's question about John Echohawk's contributions to the Native American Rights Fund. They both mentioned that Echohawk led the NARF for 53 years and helped create a public interest, nonprofit legal firm dedicated to Indigenous rights. There is no significant difference in the quality of their responses. Therefore, this is a tie.\n\nFinal Verdict: draw",tie
5,platypus_bay_area_news_merged,platypus_7B,"Activities to do at Tuscan Village in New Hampshire include enjoying cornhole, beach volleyball, fire pits, Adirondacks, live music, and food trucks, all in a festival-style atmosphere. You can kick back with live music, enjoy your choice of restaurants and food trucks, relax with some day drinking, play games with your children, or make it a night out under the lights and stars. Meanwhile, someone else can go shopping.","- Enjoy cornhole, beach volleyball, fire pits, Adirondacks, live music, and food trucks in a festival-style atmosphere .","platypus_7B's response is more comprehensive and detailed, providing a wider range of activities to do at Tuscan Village in New Hampshire. While platypus_bay_area_news_merged's response is not incorrect, it only mentions a few of the activities and lacks the depth and detail of platypus_7B's response. Therefore, platypus_7B's response is more helpful and informative for the user. \n\nFinal Verdict: platypus_7B","platypus_7B provides a more comprehensive answer, listing all the activities mentioned in the text, including enjoying cornhole, beach volleyball, fire pits, Adirondacks, live music, and food trucks in a festival-style atmosphere, relaxing with some day drinking, playing games with children, making it a night out under the lights and stars, and shopping. On the other hand, platypus_bay_area_news_merged only lists a few of the activities. Therefore, platypus_7B's response is more helpful and detailed. \n\nFinal Verdict: platypus_7B",platypus_7B
6,platypus_bay_area_news_merged,platypus_7B,"The article provides details about the McFarlane Batman 66 Retro Figures, including their design, articulation, and packaging. It also includes a link to pre-order the figures.","- The Batman 66 Retro Figures are based on the DC Batman 66 comic, which was written primarily by Jeff Parker and Tom Peyer, with cover art by Mike Allred .","platypus_7B's response is more comprehensive and accurate. While platypus_bay_area_news_merged correctly identifies that the figures are based on the DC Batman 66 comic, platypus_7B provides more details about the figures, including their design, articulation, and packaging, and also mentions the availability for pre-order. Therefore, platypus_7B's response is more helpful and relevant to the user's question. \n\nFinal Verdict: platypus_7B","platypus_7B provides a more comprehensive answer to the user's question about the details of the 66' Batman figures. It mentions the design, articulation, and packaging of the figures, and also mentions the availability for pre-order. On the other hand, platypus_bay_area_news_merged only mentions that the figures are based on the DC Batman 66 comic, which is only a part of the details about the figures. Therefore, platypus_7B's response is more helpful and relevant to the user's question. \n\nFinal Verdict: platypus_7B",platypus_7B
7,platypus_bay_area_news_merged,platypus_7B,"Screven, Effingham, Hampton, Allendale, Jasper",- Lake Warren State Park,"platypus_7B's response is more accurate and complete as it includes all the counties mentioned in the severe weather statement. platypus_bay_area_news_merged, on the other hand, only mentions one location, Lake Warren State Park, which is not a comprehensive answer to the user's question about the areas affected by the severe thunderstorm. Therefore, platypus_7B's response is more helpful and relevant to the user's question. \n\nFinal Verdict: platypus_7B","platypus_7B provides a more comprehensive answer by listing all the counties affected by the severe thunderstorm, while platypus_bay_area_news_merged only mentions one location. Therefore, platypus_7B's response is more helpful and accurate in answering the user's question about the areas affected by the severe thunderstorm. \n\nFinal Verdict: platypus_7B",platypus_7B
8,platypus_bay_area_news_merged,platypus_7B,Jenkins,- Millen,"platypus_bay_area_news_merged's response is more accurate and helpful. The user asked for the areas affected by the severe thunderstorm warning, and platypus_bay_area_news_merged correctly identified ""Millen"" as one of the locations mentioned in the text. On the other hand, platypus_7B only mentioned ""Jenkins,"" which is the general target area but not the specific locations impacted as mentioned in the text. Therefore, platypus_bay_area_news_merged's response is more detailed and accurate. \n\nFinal Verdict: platypus_bay_area_news_merged","platypus_bay_area_news_merged's response is more accurate and relevant to the user's question. The user asked for the areas affected by the severe thunderstorm warning, and while platypus_7B correctly identified Jenkins as one of the areas, it failed to mention the other areas listed in the text. platypus_bay_area_news_merged, on the other hand, correctly identified Millen as one of the areas affected. However, both assistants failed to provide a comprehensive list of all the areas mentioned in the text. Therefore, while neither response is perfect, platypus_bay_area_news_merged's response is more accurate and relevant to the user's question. platypus_bay_area_news_merged",platypus_bay_area_news_merged
9,platypus_bay_area_news_merged,platypus_7B,"Miller's role in Rangers' special teams next season will be to prove himself on special teams. He will need to do everything he can to bolster the second penalty kill unit, which currently consists of Nick Bonino, Barclay Goodrow, Jacob Trouba, and Miller. He will also have the opportunity to participate in the power play as well.","- Miller is expected to play a significant role on the second penalty kill unit, which was somewhat mediocre for the Rangers in the 2022-2023 season .","platypus_7B's response is more comprehensive and detailed. It not only mentions Miller's role in the second penalty kill unit but also includes the potential opportunity for him to participate in the power play. On the other hand, platypus_bay_area_news_merged's response is accurate but lacks the depth and detail provided by platypus_7B. Therefore, platypus_7B's response is more helpful and relevant to the user's question. \n\nFinal Verdict: platypus_7B","platypus_7B provides a more comprehensive answer, detailing Miller's role on the second penalty kill unit and the potential opportunity to participate in the power play. platypus_bay_area_news_merged's response is accurate but lacks the depth and detail of platypus_7B's answer. Therefore, platypus_7B's response is superior. \n\nFinal Verdict: platypus_7B",platypus_7B
10,platypus_bay_area_news_merged,platypus_7B,Severe weather impact in Bulloch and other counties.,- The storm is moving east at a speed of 35 mph .,"platypus_bay_area_news_merged provides a more relevant and detailed response to the user's question. It mentions the direction and speed of the storm, which is a crucial part of the severe weather impact. On the other hand, platypus_7B's response is not helpful as it merely repeats the user's question without providing any additional information or answering the question. Therefore, platypus_bay_area_news_merged's response is better. \n\nFinal Verdict: platypus_bay_area_news_merged","platypus_7B did not provide any response to the user's question, making it impossible to evaluate its quality. On the other hand, platypus_bay_area_news_merged provided a response, but it was not comprehensive. The user asked about the severe weather impact in Bulloch and other counties, and while platypus_bay_area_news_merged mentioned the storm's speed, it did not mention the expected damage to trees and powerlines, the hail threat, or the wind gusts of up to 60 mph. Therefore, neither assistant provided a satisfactory response. However, since platypus_bay_area_news_merged at least provided some information, it is the better of the two. \n\nFinal Verdict: platypus_bay_area_news_merged",platypus_bay_area_news_merged
11,platypus_bay_area_news_merged,platypus_7B,Severe,"- The thunderstorm was severe, as indicated by the use of the term ""severe"" in the warning .","platypus_bay_area_news_merged provides a more complete response by addressing both the severity and urgency of the thunderstorm. It correctly identifies that the thunderstorm was severe. However, it does not explicitly mention the urgency, which was immediate according to the statement. platypus_7B only provides a one-word answer, ""Severe"", which is accurate but lacks depth and detail. Therefore, platypus_bay_area_news_merged's response is better overall, despite not explicitly mentioning the urgency. platypus_bay_area_news_merged","platypus_bay_area_news_merged provides a more complete response by not only stating the severity of the thunderstorm but also explaining how this information was derived from the warning. platypus_7B, on the other hand, only provides a one-word answer without any context or explanation. Therefore, platypus_bay_area_news_merged's response is more helpful and informative. \n\nFinal Verdict: platypus_bay_area_news_merged",platypus_bay_area_news_merged
12,platypus_bay_area_news_merged,platypus_7B,"The severe thunderstorm has weakened below severe limits, and no longer poses an immediate threat to life or property.","- The storm has weakened below severe limits, and no longer poses an immediate threat to life or property .","Both platypus_bay_area_news_merged and platypus_7B provided similar responses, stating that the severe thunderstorm has weakened and no longer poses an immediate threat to life or property in Las Animas. However, both assistants failed to mention the remaining effects of small hail and gusty winds that are still possible, which is an important part of the impact on Las Animas. Therefore, neither assistant fully answered the question. My final verdict is: draw for a tie.","Both platypus_7B and platypus_bay_area_news_merged provided similar responses, stating that the severe thunderstorm has weakened and no longer poses an immediate threat to life or property. However, both assistants failed to mention that small hail and gusty winds are still possible, which is part of the impact on Las Animas after the severe thunderstorm. Therefore, neither assistant fully answered the user's question. My final verdict is: draw for a tie.",tie
13,platypus_bay_area_news_merged,platypus_7B,Baca,- Southwestern Baca County,"platypus_bay_area_news_merged provides a more accurate and detailed response by specifying the exact area targeted by the severe thunderstorm warning, which is ""Southwestern Baca County"". On the other hand, platypus_7B's response is less specific and less accurate, as it only mentions ""Baca"" without specifying the southwestern part of the county. Therefore, platypus_bay_area_news_merged's response is more helpful and relevant to the user's question. \n\nFinal Verdict: platypus_bay_area_news_merged","Both platypus_7B and platypus_bay_area_news_merged provided correct answers. However, platypus_bay_area_news_merged's response is more detailed and accurate as it specifies the exact part of Baca County that was targeted by the severe thunderstorm warning, which is ""Southwestern Baca County"". Therefore, platypus_bay_area_news_merged's response is better. \n\nFinal Verdict: platypus_bay_area_news_merged",platypus_bay_area_news_merged
14,platypus_bay_area_news_merged,platypus_7B,"Haddock's reason for shooting her brother was that he was ""screaming and aggressively approached her to where she was backed against a wall.""",- Haddock reportedly shot her brother in self-defense after he allegedly grabbed her gun and told her to shoot him .,"Both platypus_bay_area_news_merged and platypus_7B provided accurate responses based on the text. However, platypus_bay_area_news_merged's response is more comprehensive as it includes the detail that the brother grabbed her gun and told her to shoot him, which is a crucial part of the context. On the other hand, platypus_7B's response, while accurate, lacks this important detail. Therefore, platypus_bay_area_news_merged's response is more complete and provides a better understanding of the situation. \n\nFinal Verdict: platypus_bay_area_news_merged","platypus_7B and platypus_bay_area_news_merged both provide accurate responses to the user's question. However, platypus_7B's response is more comprehensive as it includes the detail that Haddock was backed against a wall during the argument, which provides more context to the situation. On the other hand, platypus_bay_area_news_merged's response includes the detail that the brother grabbed the gun and told Haddock to shoot him, which is also an important detail. Both responses are relevant and accurate, but platypus_7B's response provides a bit more context to the situation. Therefore, I would consider this a tie. \n\nFinal Verdict: draw",tie
15,platypus_bay_area_news_merged,platypus_7B,The text does not mention the inspiration behind Funtown's Haunted Hotel.,- The Haunted Hotel ride is inspired by the legend of a poor gypsy named Lilith who cursed the Withering Pines Hotel when it was built on her land .,"platypus_bay_area_news_merged provides a more accurate and relevant response to the user's question. The user asked for the inspiration behind Funtown's Haunted Hotel, and platypus_bay_area_news_merged correctly identified the legend of Lilith and the Withering Pines Hotel as the inspiration for the ride. On the other hand, platypus_7B incorrectly stated that the text does not mention the inspiration, which is not accurate. Therefore, platypus_bay_area_news_merged's response is more helpful and accurate. \n\nFinal Verdict: platypus_bay_area_news_merged","platypus_bay_area_news_merged provided a more accurate and relevant response to the user's question. While platypus_7B simply stated that the text does not mention the inspiration behind Funtown's Haunted Hotel, platypus_bay_area_news_merged correctly identified the legend of Lilith, the gypsy who cursed the Withering Pines Hotel, as the inspiration for the ride. Therefore, platypus_bay_area_news_merged's response is more helpful and detailed. \n\nFinal Verdict: platypus_bay_area_news_merged",platypus_bay_area_news_merged
256,platypus_bay_area_news_merged,platypus_7B,"Monterey city's plan for the housing crisis is to use an open house to gather public input on the city's housing plan. The open house will be held on August 7, 2022, from 6-8:30pm at the Monterey Conference Center. The open house will serve as an environmental impact report scoping meeting for the city's Monterey 2031 General Plan Update. The city is also updating other elements of the general plan, including the land use and safety elements. The city wants to hear from people about what they think are the significant environmental","- The city is required to add units into its housing element between now and 2031, with a target of 3,654 new units .","platypus_7B's response is more comprehensive and detailed, providing information about the open house, its purpose, the date and location, and the broader context of the Monterey 2031 General Plan Update. It also mentions the city's interest in hearing public input on significant environmental issues. On the other hand, platypus_bay_area_news_merged's response is accurate but only provides a small part of the city's plan, focusing on the target of adding 3,654 new units by 2031. Therefore, platypus_7B's response is more helpful and relevant to the user's question. platypus_7B","platypus_7B provides a more comprehensive and detailed response to the user's question. It includes information about the open house, its purpose, the time and location, and the broader context of the Monterey 2031 General Plan Update. platypus_bay_area_news_merged, on the other hand, only mentions one aspect of the city's plan, which is the addition of new housing units. While this is an important detail, it doesn't fully answer the user's question about the city's overall plan for the housing crisis. Therefore, platypus_7B's response is more helpful and relevant. \n\nFinal Verdict: platypus_7B",platypus_7B
257,platypus_bay_area_news_merged,platypus_7B,The provided text does not mention expectations for the 'no' side victory in Issue 1 election.,- The 'no' side is expected to win the election due to high turnout and voter enthusiasm .,"platypus_bay_area_news_merged's response is more accurate and relevant to the user's question. The text does mention that Democratic strategist Dale Butland said, “I’ve thought for some time that all signs point to a win for the ‘no’ side.” Therefore, platypus_bay_area_news_merged's response that the 'no' side is expected to win due to high turnout and voter enthusiasm is more accurate. platypus_7B's response is incorrect as it states that the text does not mention expectations for the 'no' side victory, which is not true. Therefore, platypus_bay_area_news_merged provided a better response. \n\nFinal Verdict: platypus_bay_area_news_merged","platypus_7B's response is more accurate. The text does not provide any clear expectations for the 'no' side victory in the Issue 1 election. While Democratic strategist Dale Butland mentioned that he thought all signs point to a win for the 'no' side, this is not a general expectation but rather an individual's opinion. platypus_bay_area_news_merged's response is misleading as it suggests there is a general expectation for the 'no' side to win, which is not supported by the text. Therefore, platypus_7B's response is more accurate and relevant to the user's question. \n\nFinal Verdict: platypus_7B",tie
258,platypus_bay_area_news_merged,platypus_7B,"$1,000,000,000$","- The Mega Millions Jackpot is currently estimated to be more than $1,000,000,000 .","Both assistants provided correct and concise answers to the user's question. However, platypus_bay_area_news_merged's response is more complete and informative as it specifies that the value is an estimate for the Mega Millions Jackpot. platypus_7B's response, while correct, is less detailed and does not specify what the value is referring to. Therefore, platypus_bay_area_news_merged's response is better in this case.\n\nFinal Verdict: platypus_bay_area_news_merged","platypus_7B and platypus_bay_area_news_merged both provide correct answers. However, platypus_7B's response is more concise and directly answers the user's question, while platypus_bay_area_news_merged's response is a bit more verbose and repeats the question's context. Therefore, platypus_7B's response is more in line with the user's request for a concise answer. \n\nFinal Verdict: platypus_7B",tie
259,platypus_bay_area_news_merged,platypus_7B,"Game day vibes at Mojo's in Portsmouth, New Hampshire, and Winners Circle in Salisbury, Massachusetts, are unmatched during a game. The vibes at most sports bars are unmatched during a game. Picture a Sunday 1pm Patriots game. If you are not going to the game, you might find yourself at a sports bar at 11am. Why so early? Because it is GAME DAY. The vibes at most sports bars are unmatched during a game. People are having a late breakfast or early lunch. People are","- The bars start to have an energy as early as 11am, building up to a peak during the game .","platypus_bay_area_news_merged provides a concise and accurate response to the question, summarizing the game day vibes at Mojo's and Winners Circle as a buildup of energy starting from 11am. On the other hand, platypus_7B's response is repetitive and doesn't provide a clear summary of the game day vibes. It also cuts off abruptly, making it incomplete. Therefore, platypus_bay_area_news_merged's response is better. \n\nFinal Verdict: platypus_bay_area_news_merged","platypus_bay_area_news_merged's response is more concise and directly answers the question about the game day vibes at Mojo's in Portsmouth, New Hampshire, and Winners Circle in Salisbury, Massachusetts. platypus_7B's response, while accurate, is repetitive and less focused on the specific question asked. Therefore, platypus_bay_area_news_merged's response is better in this case. \n\nFinal Verdict: platypus_bay_area_news_merged",platypus_bay_area_news_merged
260,platypus_bay_area_news_merged,platypus_7B,"Specific allegations against professor Richard Paxton include:\n\n1. Paxton was told in October 2020 that there was a complaint against him and that he could resign or face a Title IX investigation, which could end in his termination.\n2. Pacific officials say the school received numerous complaints about comments Paxton made in the classroom “about gender, gender identity, race or other protected characteristics.”\n3. Paxton was not cooperating with the investigation, which Paxton refuted.\n4. Paxton sued the university and a host of","- Paxton was accused of making comments in the classroom about gender, gender identity, race, and other protected characteristics, which led to a complaint against him .","Both platypus_bay_area_news_merged and platypus_7B provided accurate responses to the question. However, platypus_7B's response is more detailed and comprehensive, providing a more complete picture of the allegations against Professor Richard Paxton. platypus_7B not only mentions the complaints about Paxton's comments in the classroom but also includes the fact that he was given the option to resign or face a Title IX investigation, his alleged lack of cooperation with the investigation, and his subsequent lawsuit against the university. Therefore, platypus_7B's response is more helpful and informative for the user. \n\nFinal Verdict: platypus_7B","platypus_7B provides a more detailed and comprehensive response to the question about the specific allegations against professor Richard Paxton. It lists out the allegations in a clear and organized manner, including the complaint against him, the nature of the complaints, his alleged lack of cooperation with the investigation, and his subsequent lawsuit against the university. On the other hand, platypus_bay_area_news_merged only mentions one aspect of the allegations, which is the complaint about his comments in the classroom. Therefore, platypus_7B's response is more helpful and informative. \n\nFinal Verdict: platypus_7B",platypus_7B
261,platypus_bay_area_news_merged,platypus_7B,The Severe Thunderstorm Warning for Norton and Decatur counties has been cancelled.,- The Severe Thunderstorm Warning for Norton and Decatur counties was issued due to a severe thunderstorm that had prompted the warning .,"platypus_bay_area_news_merged's response is not accurate as it does not mention that the Severe Thunderstorm Warning for Norton and Decatur counties has been cancelled. On the other hand, platypus_7B correctly states that the warning has been cancelled, which directly answers the user's question about the warning's impact on the mentioned counties. Therefore, platypus_7B's response is more accurate and relevant to the user's question. \n\nFinal Verdict: platypus_7B","platypus_7B's response is more accurate and relevant to the user's question. The user asked about the impact of the Severe Thunderstorm Warning on Norton and Decatur counties, and platypus_7B correctly stated that the warning has been cancelled, which directly answers the user's question. On the other hand, platypus_bay_area_news_merged's response is less accurate as it does not mention the cancellation of the warning, which is the most recent and relevant information regarding the impact of the warning on the mentioned counties. Therefore, platypus_7B's response is better. \n\nFinal Verdict: platypus_7B",platypus_7B
262,platypus_bay_area_news_merged,platypus_7B,"Some of the challenges faced by Jontre Kirklin on his journey to joining the New Orleans Saints include:\n\n1. The death of his stepfather, Felton Wallace, in April 2022, just four months before Kirklin's chance to fulfill an NFL dream playing for the team just 45 miles away from his hometown came to fruition.\n2. Kirklin's road back close to home hasn't been easy, as he describes it as a ""rocky roller coaster.""\n3. Kirklin had a tryout with the Sain","- Kirklin's journey has been marked by several challenges, including a DUI charge, a season-ending injury in the XFL, and the tragic loss of his stepfather .","platypus_bay_area_news_merged provides a more complete and concise answer to the question. It mentions the DUI charge, the season-ending injury in the XFL, and the tragic loss of Kirklin's stepfather, which are the major challenges faced by Kirklin on his journey to joining the Saints. On the other hand, platypus_7B's response is cut off and does not mention the DUI charge or the injury, which are significant challenges Kirklin faced. Therefore, platypus_bay_area_news_merged's response is more accurate and comprehensive. \n\nFinal Verdict: platypus_bay_area_news_merged","platypus_7B and platypus_bay_area_news_merged both provide accurate responses to the question. However, platypus_7B's response is more detailed and comprehensive, mentioning specific events such as the death of Kirklin's stepfather and his description of his journey as a ""rocky roller coaster"". platypus_bay_area_news_merged's response, while accurate, is more general and less detailed. Therefore, platypus_7B's response is better in this case. \n\nFinal Verdict: platypus_7B",tie
>>>>>>> main
